-- ═══════════════════════════════════════════════════════════════════════════
-- FuelTracker v3 — Test Data Seed
-- Run in Supabase SQL Editor (service role has full access)
--
-- Auth users must be created first via Supabase dashboard. UUIDs below are
-- the real ones from the dashboard.
--
-- Accounts (password set via dashboard):
--   owner@fueltracker.test          e898e788-2166-4013-9f4f-430d4dded481
--   sup.amaglug@fueltracker.test    291cd71b-8c5b-4986-b806-73ff97d0527d
--   sup.speedway@fueltracker.test   dd9d9261-62bc-46fa-a222-cfa617ab28f9
--   sup.truckstop@fueltracker.test  f8bc85b5-3e41-41b9-8b45-8e1211c1ffaf
--
-- Shifts created (all dated 2026-04-13 = yesterday):
--   Elegant Amaglug  morning → closed (clean)
--   Elegant Amaglug  evening → closed (50L tank variance on Tank 1 – 95)
--   Speedway         morning → closed (clean)
--   Truck Stop       morning → closed (clean)
--   Elegant Amaglug  morning (2026-04-14, today) → pending
-- ═══════════════════════════════════════════════════════════════════════════


-- ── 1. User Profiles ─────────────────────────────────────────────────────────

insert into public.user_profiles (id, user_id, role, station_id, is_active) values
  ('00000000-0000-0000-0001-000000000001', 'e898e788-2166-4013-9f4f-430d4dded481', 'owner',      null,                                    true),
  ('00000000-0000-0000-0001-000000000002', '291cd71b-8c5b-4986-b806-73ff97d0527d', 'supervisor', 'a1000000-0000-0000-0000-000000000001',   true),
  ('00000000-0000-0000-0001-000000000003', 'dd9d9261-62bc-46fa-a222-cfa617ab28f9', 'supervisor', 'b1000000-0000-0000-0000-000000000001',   true),
  ('00000000-0000-0000-0001-000000000004', 'f8bc85b5-3e41-41b9-8b45-8e1211c1ffaf', 'supervisor', 'c1000000-0000-0000-0000-000000000001',   true);


-- ── 2. Fuel Prices ───────────────────────────────────────────────────────────
-- set_by left null to avoid FK dependency on auth.users

insert into public.fuel_prices (fuel_grade_id, price_per_litre, effective_from) values
  ('95',  22.50, '2026-04-01 00:00:00+00'),
  ('93',  22.10, '2026-04-01 00:00:00+00'),
  ('D10', 19.80, '2026-04-01 00:00:00+00'),
  ('D50', 19.60, '2026-04-01 00:00:00+00');


-- ── 3. Shift Baselines ───────────────────────────────────────────────────────
-- set_by = owner profile UUID

-- Elegant Amaglug pumps (meter baselines)
insert into public.shift_baselines (station_id, pump_id, reading_type, value, set_by) values
  ('a1000000-0000-0000-0000-000000000001', 'a1200000-0000-0000-0000-000000000001', 'meter', 50000, '00000000-0000-0000-0001-000000000001'),
  ('a1000000-0000-0000-0000-000000000001', 'a1200000-0000-0000-0000-000000000002', 'meter', 50000, '00000000-0000-0000-0001-000000000001'),
  ('a1000000-0000-0000-0000-000000000001', 'a1200000-0000-0000-0000-000000000003', 'meter', 50000, '00000000-0000-0000-0001-000000000001'),
  ('a1000000-0000-0000-0000-000000000001', 'a1200000-0000-0000-0000-000000000004', 'meter', 50000, '00000000-0000-0000-0001-000000000001'),
  ('a1000000-0000-0000-0000-000000000001', 'a1200000-0000-0000-0000-000000000005', 'meter', 50000, '00000000-0000-0000-0001-000000000001'),
  ('a1000000-0000-0000-0000-000000000001', 'a1200000-0000-0000-0000-000000000006', 'meter', 50000, '00000000-0000-0000-0001-000000000001'),
  ('a1000000-0000-0000-0000-000000000001', 'a1200000-0000-0000-0000-000000000007', 'meter', 48000, '00000000-0000-0000-0001-000000000001'),
  ('a1000000-0000-0000-0000-000000000001', 'a1200000-0000-0000-0000-000000000008', 'meter', 48000, '00000000-0000-0000-0001-000000000001'),
  ('a1000000-0000-0000-0000-000000000001', 'a1200000-0000-0000-0000-000000000009', 'meter', 48000, '00000000-0000-0000-0001-000000000001'),
  ('a1000000-0000-0000-0000-000000000001', 'a1200000-0000-0000-0000-000000000010', 'meter', 48000, '00000000-0000-0000-0001-000000000001'),
  ('a1000000-0000-0000-0000-000000000001', 'a1200000-0000-0000-0000-000000000011', 'meter', 48000, '00000000-0000-0000-0001-000000000001'),
  ('a1000000-0000-0000-0000-000000000001', 'a1200000-0000-0000-0000-000000000012', 'meter', 48000, '00000000-0000-0000-0001-000000000001'),
  ('a1000000-0000-0000-0000-000000000001', 'a1200000-0000-0000-0000-000000000013', 'meter', 45000, '00000000-0000-0000-0001-000000000001'),
  ('a1000000-0000-0000-0000-000000000001', 'a1200000-0000-0000-0000-000000000014', 'meter', 45000, '00000000-0000-0000-0001-000000000001'),
  ('a1000000-0000-0000-0000-000000000001', 'a1200000-0000-0000-0000-000000000015', 'meter', 45000, '00000000-0000-0000-0001-000000000001'),
  ('a1000000-0000-0000-0000-000000000001', 'a1200000-0000-0000-0000-000000000016', 'meter', 45000, '00000000-0000-0000-0001-000000000001'),
  ('a1000000-0000-0000-0000-000000000001', 'a1200000-0000-0000-0000-000000000017', 'meter', 45000, '00000000-0000-0000-0001-000000000001'),
  ('a1000000-0000-0000-0000-000000000001', 'a1200000-0000-0000-0000-000000000018', 'meter', 45000, '00000000-0000-0000-0001-000000000001');

-- Elegant Amaglug tanks (dip baselines)
insert into public.shift_baselines (station_id, tank_id, reading_type, value, set_by) values
  ('a1000000-0000-0000-0000-000000000001', 'a1100000-0000-0000-0000-000000000001', 'dip', 25000, '00000000-0000-0000-0001-000000000001'),
  ('a1000000-0000-0000-0000-000000000001', 'a1100000-0000-0000-0000-000000000002', 'dip', 28000, '00000000-0000-0000-0001-000000000001'),
  ('a1000000-0000-0000-0000-000000000001', 'a1100000-0000-0000-0000-000000000003', 'dip', 28000, '00000000-0000-0000-0001-000000000001');

-- Speedway pumps (meter baselines)
insert into public.shift_baselines (station_id, pump_id, reading_type, value, set_by) values
  ('b1000000-0000-0000-0000-000000000001', 'b1200000-0000-0000-0000-000000000001', 'meter', 60000, '00000000-0000-0000-0001-000000000001'),
  ('b1000000-0000-0000-0000-000000000001', 'b1200000-0000-0000-0000-000000000002', 'meter', 60000, '00000000-0000-0000-0001-000000000001'),
  ('b1000000-0000-0000-0000-000000000001', 'b1200000-0000-0000-0000-000000000003', 'meter', 60000, '00000000-0000-0000-0001-000000000001'),
  ('b1000000-0000-0000-0000-000000000001', 'b1200000-0000-0000-0000-000000000004', 'meter', 60000, '00000000-0000-0000-0001-000000000001'),
  ('b1000000-0000-0000-0000-000000000001', 'b1200000-0000-0000-0000-000000000005', 'meter', 60000, '00000000-0000-0000-0001-000000000001'),
  ('b1000000-0000-0000-0000-000000000001', 'b1200000-0000-0000-0000-000000000006', 'meter', 60000, '00000000-0000-0000-0001-000000000001'),
  ('b1000000-0000-0000-0000-000000000001', 'b1200000-0000-0000-0000-000000000007', 'meter', 60000, '00000000-0000-0000-0001-000000000001'),
  ('b1000000-0000-0000-0000-000000000001', 'b1200000-0000-0000-0000-000000000008', 'meter', 60000, '00000000-0000-0000-0001-000000000001'),
  ('b1000000-0000-0000-0000-000000000001', 'b1200000-0000-0000-0000-000000000009', 'meter', 60000, '00000000-0000-0000-0001-000000000001'),
  ('b1000000-0000-0000-0000-000000000001', 'b1200000-0000-0000-0000-000000000010', 'meter', 60000, '00000000-0000-0000-0001-000000000001'),
  ('b1000000-0000-0000-0000-000000000001', 'b1200000-0000-0000-0000-000000000011', 'meter', 60000, '00000000-0000-0000-0001-000000000001'),
  ('b1000000-0000-0000-0000-000000000001', 'b1200000-0000-0000-0000-000000000012', 'meter', 60000, '00000000-0000-0000-0001-000000000001'),
  ('b1000000-0000-0000-0000-000000000001', 'b1200000-0000-0000-0000-000000000013', 'meter', 60000, '00000000-0000-0000-0001-000000000001'),
  ('b1000000-0000-0000-0000-000000000001', 'b1200000-0000-0000-0000-000000000014', 'meter', 60000, '00000000-0000-0000-0001-000000000001'),
  ('b1000000-0000-0000-0000-000000000001', 'b1200000-0000-0000-0000-000000000015', 'meter', 60000, '00000000-0000-0000-0001-000000000001'),
  ('b1000000-0000-0000-0000-000000000001', 'b1200000-0000-0000-0000-000000000016', 'meter', 60000, '00000000-0000-0000-0001-000000000001'),
  ('b1000000-0000-0000-0000-000000000001', 'b1200000-0000-0000-0000-000000000017', 'meter', 60000, '00000000-0000-0000-0001-000000000001'),
  ('b1000000-0000-0000-0000-000000000001', 'b1200000-0000-0000-0000-000000000018', 'meter', 60000, '00000000-0000-0000-0001-000000000001'),
  ('b1000000-0000-0000-0000-000000000001', 'b1200000-0000-0000-0000-000000000019', 'meter', 55000, '00000000-0000-0000-0001-000000000001'),
  ('b1000000-0000-0000-0000-000000000001', 'b1200000-0000-0000-0000-000000000020', 'meter', 55000, '00000000-0000-0000-0001-000000000001'),
  ('b1000000-0000-0000-0000-000000000001', 'b1200000-0000-0000-0000-000000000021', 'meter', 55000, '00000000-0000-0000-0001-000000000001'),
  ('b1000000-0000-0000-0000-000000000001', 'b1200000-0000-0000-0000-000000000022', 'meter', 55000, '00000000-0000-0000-0001-000000000001'),
  ('b1000000-0000-0000-0000-000000000001', 'b1200000-0000-0000-0000-000000000023', 'meter', 55000, '00000000-0000-0000-0001-000000000001'),
  ('b1000000-0000-0000-0000-000000000001', 'b1200000-0000-0000-0000-000000000024', 'meter', 55000, '00000000-0000-0000-0001-000000000001'),
  ('b1000000-0000-0000-0000-000000000001', 'b1200000-0000-0000-0000-000000000025', 'meter', 50000, '00000000-0000-0000-0001-000000000001'),
  ('b1000000-0000-0000-0000-000000000001', 'b1200000-0000-0000-0000-000000000026', 'meter', 50000, '00000000-0000-0000-0001-000000000001'),
  ('b1000000-0000-0000-0000-000000000001', 'b1200000-0000-0000-0000-000000000027', 'meter', 50000, '00000000-0000-0000-0001-000000000001'),
  ('b1000000-0000-0000-0000-000000000001', 'b1200000-0000-0000-0000-000000000028', 'meter', 50000, '00000000-0000-0000-0001-000000000001'),
  ('b1000000-0000-0000-0000-000000000001', 'b1200000-0000-0000-0000-000000000029', 'meter', 50000, '00000000-0000-0000-0001-000000000001'),
  ('b1000000-0000-0000-0000-000000000001', 'b1200000-0000-0000-0000-000000000030', 'meter', 50000, '00000000-0000-0000-0001-000000000001'),
  ('b1000000-0000-0000-0000-000000000001', 'b1200000-0000-0000-0000-000000000031', 'meter', 50000, '00000000-0000-0000-0001-000000000001'),
  ('b1000000-0000-0000-0000-000000000001', 'b1200000-0000-0000-0000-000000000032', 'meter', 50000, '00000000-0000-0000-0001-000000000001'),
  ('b1000000-0000-0000-0000-000000000001', 'b1200000-0000-0000-0000-000000000033', 'meter', 50000, '00000000-0000-0000-0001-000000000001'),
  ('b1000000-0000-0000-0000-000000000001', 'b1200000-0000-0000-0000-000000000034', 'meter', 50000, '00000000-0000-0000-0001-000000000001'),
  ('b1000000-0000-0000-0000-000000000001', 'b1200000-0000-0000-0000-000000000035', 'meter', 50000, '00000000-0000-0000-0001-000000000001'),
  ('b1000000-0000-0000-0000-000000000001', 'b1200000-0000-0000-0000-000000000036', 'meter', 50000, '00000000-0000-0000-0001-000000000001');

-- Speedway tanks (dip baselines)
insert into public.shift_baselines (station_id, tank_id, reading_type, value, set_by) values
  ('b1000000-0000-0000-0000-000000000001', 'b1100000-0000-0000-0000-000000000001', 'dip', 20000, '00000000-0000-0000-0001-000000000001'),
  ('b1000000-0000-0000-0000-000000000001', 'b1100000-0000-0000-0000-000000000002', 'dip', 20000, '00000000-0000-0000-0001-000000000001'),
  ('b1000000-0000-0000-0000-000000000001', 'b1100000-0000-0000-0000-000000000003', 'dip', 20000, '00000000-0000-0000-0001-000000000001'),
  ('b1000000-0000-0000-0000-000000000001', 'b1100000-0000-0000-0000-000000000004', 'dip', 20000, '00000000-0000-0000-0001-000000000001'),
  ('b1000000-0000-0000-0000-000000000001', 'b1100000-0000-0000-0000-000000000005', 'dip', 20000, '00000000-0000-0000-0001-000000000001'),
  ('b1000000-0000-0000-0000-000000000001', 'b1100000-0000-0000-0000-000000000006', 'dip', 20000, '00000000-0000-0000-0001-000000000001');

-- Truck Stop pumps (meter baselines)
insert into public.shift_baselines (station_id, pump_id, reading_type, value, set_by) values
  ('c1000000-0000-0000-0000-000000000001', 'c1200000-0000-0000-0000-000000000001', 'meter', 70000, '00000000-0000-0000-0001-000000000001'),
  ('c1000000-0000-0000-0000-000000000001', 'c1200000-0000-0000-0000-000000000002', 'meter', 70000, '00000000-0000-0000-0001-000000000001'),
  ('c1000000-0000-0000-0000-000000000001', 'c1200000-0000-0000-0000-000000000003', 'meter', 70000, '00000000-0000-0000-0001-000000000001'),
  ('c1000000-0000-0000-0000-000000000001', 'c1200000-0000-0000-0000-000000000004', 'meter', 70000, '00000000-0000-0000-0001-000000000001'),
  ('c1000000-0000-0000-0000-000000000001', 'c1200000-0000-0000-0000-000000000005', 'meter', 70000, '00000000-0000-0000-0001-000000000001'),
  ('c1000000-0000-0000-0000-000000000001', 'c1200000-0000-0000-0000-000000000006', 'meter', 70000, '00000000-0000-0000-0001-000000000001'),
  ('c1000000-0000-0000-0000-000000000001', 'c1200000-0000-0000-0000-000000000007', 'meter', 70000, '00000000-0000-0000-0001-000000000001');

-- Truck Stop tanks (dip baselines)
insert into public.shift_baselines (station_id, tank_id, reading_type, value, set_by) values
  ('c1000000-0000-0000-0000-000000000001', 'c1100000-0000-0000-0000-000000000001', 'dip', 15000, '00000000-0000-0000-0001-000000000001'),
  ('c1000000-0000-0000-0000-000000000001', 'c1100000-0000-0000-0000-000000000002', 'dip', 15000, '00000000-0000-0000-0001-000000000001'),
  ('c1000000-0000-0000-0000-000000000001', 'c1100000-0000-0000-0000-000000000003', 'dip', 15000, '00000000-0000-0000-0001-000000000001'),
  ('c1000000-0000-0000-0000-000000000001', 'c1100000-0000-0000-0000-000000000004', 'dip', 15000, '00000000-0000-0000-0001-000000000001');


-- ── 4. Shifts ────────────────────────────────────────────────────────────────

insert into public.shifts (id, station_id, period, shift_date, status, is_flagged, supervisor_id, submitted_at) values
  ('00000000-0000-0000-0002-000000000001', 'a1000000-0000-0000-0000-000000000001', 'morning', '2026-04-13', 'closed', false, '00000000-0000-0000-0001-000000000002', '2026-04-13 14:00:00+00'),
  ('00000000-0000-0000-0002-000000000002', 'a1000000-0000-0000-0000-000000000001', 'evening', '2026-04-13', 'closed', false, '00000000-0000-0000-0001-000000000002', '2026-04-13 22:30:00+00'),
  ('00000000-0000-0000-0002-000000000003', 'b1000000-0000-0000-0000-000000000001', 'morning', '2026-04-13', 'closed', false, '00000000-0000-0000-0001-000000000003', '2026-04-13 14:30:00+00'),
  ('00000000-0000-0000-0002-000000000004', 'c1000000-0000-0000-0000-000000000001', 'morning', '2026-04-13', 'closed', false, '00000000-0000-0000-0001-000000000004', '2026-04-13 15:00:00+00'),
  ('00000000-0000-0000-0002-000000000005', 'a1000000-0000-0000-0000-000000000001', 'morning', '2026-04-14', 'pending', false, '00000000-0000-0000-0001-000000000002', null);


-- ── 5. Close Pump Readings ───────────────────────────────────────────────────

-- Elegant Amaglug morning (95 +200L/pump, D10 +150L/pump)
insert into public.pump_readings (shift_id, pump_id, type, meter_reading, ocr_status) values
  ('00000000-0000-0000-0002-000000000001', 'a1200000-0000-0000-0000-000000000001', 'close', 50200, 'auto'),
  ('00000000-0000-0000-0002-000000000001', 'a1200000-0000-0000-0000-000000000002', 'close', 50200, 'auto'),
  ('00000000-0000-0000-0002-000000000001', 'a1200000-0000-0000-0000-000000000003', 'close', 50200, 'auto'),
  ('00000000-0000-0000-0002-000000000001', 'a1200000-0000-0000-0000-000000000004', 'close', 50200, 'auto'),
  ('00000000-0000-0000-0002-000000000001', 'a1200000-0000-0000-0000-000000000005', 'close', 50200, 'auto'),
  ('00000000-0000-0000-0002-000000000001', 'a1200000-0000-0000-0000-000000000006', 'close', 50200, 'auto'),
  ('00000000-0000-0000-0002-000000000001', 'a1200000-0000-0000-0000-000000000007', 'close', 48150, 'auto'),
  ('00000000-0000-0000-0002-000000000001', 'a1200000-0000-0000-0000-000000000008', 'close', 48150, 'auto'),
  ('00000000-0000-0000-0002-000000000001', 'a1200000-0000-0000-0000-000000000009', 'close', 48150, 'auto'),
  ('00000000-0000-0000-0002-000000000001', 'a1200000-0000-0000-0000-000000000010', 'close', 48150, 'auto'),
  ('00000000-0000-0000-0002-000000000001', 'a1200000-0000-0000-0000-000000000011', 'close', 48150, 'auto'),
  ('00000000-0000-0000-0002-000000000001', 'a1200000-0000-0000-0000-000000000012', 'close', 48150, 'auto'),
  ('00000000-0000-0000-0002-000000000001', 'a1200000-0000-0000-0000-000000000013', 'close', 45150, 'auto'),
  ('00000000-0000-0000-0002-000000000001', 'a1200000-0000-0000-0000-000000000014', 'close', 45150, 'auto'),
  ('00000000-0000-0000-0002-000000000001', 'a1200000-0000-0000-0000-000000000015', 'close', 45150, 'auto'),
  ('00000000-0000-0000-0002-000000000001', 'a1200000-0000-0000-0000-000000000016', 'close', 45150, 'auto'),
  ('00000000-0000-0000-0002-000000000001', 'a1200000-0000-0000-0000-000000000017', 'close', 45150, 'auto'),
  ('00000000-0000-0000-0002-000000000001', 'a1200000-0000-0000-0000-000000000018', 'close', 45150, 'auto');

-- Elegant Amaglug evening (opens from morning close readings)
insert into public.pump_readings (shift_id, pump_id, type, meter_reading, ocr_status) values
  ('00000000-0000-0000-0002-000000000002', 'a1200000-0000-0000-0000-000000000001', 'close', 50400, 'auto'),
  ('00000000-0000-0000-0002-000000000002', 'a1200000-0000-0000-0000-000000000002', 'close', 50400, 'auto'),
  ('00000000-0000-0000-0002-000000000002', 'a1200000-0000-0000-0000-000000000003', 'close', 50400, 'auto'),
  ('00000000-0000-0000-0002-000000000002', 'a1200000-0000-0000-0000-000000000004', 'close', 50400, 'auto'),
  ('00000000-0000-0000-0002-000000000002', 'a1200000-0000-0000-0000-000000000005', 'close', 50400, 'auto'),
  ('00000000-0000-0000-0002-000000000002', 'a1200000-0000-0000-0000-000000000006', 'close', 50400, 'auto'),
  ('00000000-0000-0000-0002-000000000002', 'a1200000-0000-0000-0000-000000000007', 'close', 48300, 'auto'),
  ('00000000-0000-0000-0002-000000000002', 'a1200000-0000-0000-0000-000000000008', 'close', 48300, 'auto'),
  ('00000000-0000-0000-0002-000000000002', 'a1200000-0000-0000-0000-000000000009', 'close', 48300, 'auto'),
  ('00000000-0000-0000-0002-000000000002', 'a1200000-0000-0000-0000-000000000010', 'close', 48300, 'auto'),
  ('00000000-0000-0000-0002-000000000002', 'a1200000-0000-0000-0000-000000000011', 'close', 48300, 'auto'),
  ('00000000-0000-0000-0002-000000000002', 'a1200000-0000-0000-0000-000000000012', 'close', 48300, 'auto'),
  ('00000000-0000-0000-0002-000000000002', 'a1200000-0000-0000-0000-000000000013', 'close', 45300, 'auto'),
  ('00000000-0000-0000-0002-000000000002', 'a1200000-0000-0000-0000-000000000014', 'close', 45300, 'auto'),
  ('00000000-0000-0000-0002-000000000002', 'a1200000-0000-0000-0000-000000000015', 'close', 45300, 'auto'),
  ('00000000-0000-0000-0002-000000000002', 'a1200000-0000-0000-0000-000000000016', 'close', 45300, 'auto'),
  ('00000000-0000-0000-0002-000000000002', 'a1200000-0000-0000-0000-000000000017', 'close', 45300, 'auto'),
  ('00000000-0000-0000-0002-000000000002', 'a1200000-0000-0000-0000-000000000018', 'close', 45300, 'auto');

-- Speedway morning (all pumps +100L)
insert into public.pump_readings (shift_id, pump_id, type, meter_reading, ocr_status) values
  ('00000000-0000-0000-0002-000000000003', 'b1200000-0000-0000-0000-000000000001', 'close', 60100, 'auto'),
  ('00000000-0000-0000-0002-000000000003', 'b1200000-0000-0000-0000-000000000002', 'close', 60100, 'auto'),
  ('00000000-0000-0000-0002-000000000003', 'b1200000-0000-0000-0000-000000000003', 'close', 60100, 'auto'),
  ('00000000-0000-0000-0002-000000000003', 'b1200000-0000-0000-0000-000000000004', 'close', 60100, 'auto'),
  ('00000000-0000-0000-0002-000000000003', 'b1200000-0000-0000-0000-000000000005', 'close', 60100, 'auto'),
  ('00000000-0000-0000-0002-000000000003', 'b1200000-0000-0000-0000-000000000006', 'close', 60100, 'auto'),
  ('00000000-0000-0000-0002-000000000003', 'b1200000-0000-0000-0000-000000000007', 'close', 60100, 'auto'),
  ('00000000-0000-0000-0002-000000000003', 'b1200000-0000-0000-0000-000000000008', 'close', 60100, 'auto'),
  ('00000000-0000-0000-0002-000000000003', 'b1200000-0000-0000-0000-000000000009', 'close', 60100, 'auto'),
  ('00000000-0000-0000-0002-000000000003', 'b1200000-0000-0000-0000-000000000010', 'close', 60100, 'auto'),
  ('00000000-0000-0000-0002-000000000003', 'b1200000-0000-0000-0000-000000000011', 'close', 60100, 'auto'),
  ('00000000-0000-0000-0002-000000000003', 'b1200000-0000-0000-0000-000000000012', 'close', 60100, 'auto'),
  ('00000000-0000-0000-0002-000000000003', 'b1200000-0000-0000-0000-000000000013', 'close', 60100, 'auto'),
  ('00000000-0000-0000-0002-000000000003', 'b1200000-0000-0000-0000-000000000014', 'close', 60100, 'auto'),
  ('00000000-0000-0000-0002-000000000003', 'b1200000-0000-0000-0000-000000000015', 'close', 60100, 'auto'),
  ('00000000-0000-0000-0002-000000000003', 'b1200000-0000-0000-0000-000000000016', 'close', 60100, 'auto'),
  ('00000000-0000-0000-0002-000000000003', 'b1200000-0000-0000-0000-000000000017', 'close', 60100, 'auto'),
  ('00000000-0000-0000-0002-000000000003', 'b1200000-0000-0000-0000-000000000018', 'close', 60100, 'auto'),
  ('00000000-0000-0000-0002-000000000003', 'b1200000-0000-0000-0000-000000000019', 'close', 55100, 'auto'),
  ('00000000-0000-0000-0002-000000000003', 'b1200000-0000-0000-0000-000000000020', 'close', 55100, 'auto'),
  ('00000000-0000-0000-0002-000000000003', 'b1200000-0000-0000-0000-000000000021', 'close', 55100, 'auto'),
  ('00000000-0000-0000-0002-000000000003', 'b1200000-0000-0000-0000-000000000022', 'close', 55100, 'auto'),
  ('00000000-0000-0000-0002-000000000003', 'b1200000-0000-0000-0000-000000000023', 'close', 55100, 'auto'),
  ('00000000-0000-0000-0002-000000000003', 'b1200000-0000-0000-0000-000000000024', 'close', 55100, 'auto'),
  ('00000000-0000-0000-0002-000000000003', 'b1200000-0000-0000-0000-000000000025', 'close', 50100, 'auto'),
  ('00000000-0000-0000-0002-000000000003', 'b1200000-0000-0000-0000-000000000026', 'close', 50100, 'auto'),
  ('00000000-0000-0000-0002-000000000003', 'b1200000-0000-0000-0000-000000000027', 'close', 50100, 'auto'),
  ('00000000-0000-0000-0002-000000000003', 'b1200000-0000-0000-0000-000000000028', 'close', 50100, 'auto'),
  ('00000000-0000-0000-0002-000000000003', 'b1200000-0000-0000-0000-000000000029', 'close', 50100, 'auto'),
  ('00000000-0000-0000-0002-000000000003', 'b1200000-0000-0000-0000-000000000030', 'close', 50100, 'auto'),
  ('00000000-0000-0000-0002-000000000003', 'b1200000-0000-0000-0000-000000000031', 'close', 50100, 'auto'),
  ('00000000-0000-0000-0002-000000000003', 'b1200000-0000-0000-0000-000000000032', 'close', 50100, 'auto'),
  ('00000000-0000-0000-0002-000000000003', 'b1200000-0000-0000-0000-000000000033', 'close', 50100, 'auto'),
  ('00000000-0000-0000-0002-000000000003', 'b1200000-0000-0000-0000-000000000034', 'close', 50100, 'auto'),
  ('00000000-0000-0000-0002-000000000003', 'b1200000-0000-0000-0000-000000000035', 'close', 50100, 'auto'),
  ('00000000-0000-0000-0002-000000000003', 'b1200000-0000-0000-0000-000000000036', 'close', 50100, 'auto');

-- Truck Stop morning (all pumps +150L)
insert into public.pump_readings (shift_id, pump_id, type, meter_reading, ocr_status) values
  ('00000000-0000-0000-0002-000000000004', 'c1200000-0000-0000-0000-000000000001', 'close', 70150, 'auto'),
  ('00000000-0000-0000-0002-000000000004', 'c1200000-0000-0000-0000-000000000002', 'close', 70150, 'auto'),
  ('00000000-0000-0000-0002-000000000004', 'c1200000-0000-0000-0000-000000000003', 'close', 70150, 'auto'),
  ('00000000-0000-0000-0002-000000000004', 'c1200000-0000-0000-0000-000000000004', 'close', 70150, 'auto'),
  ('00000000-0000-0000-0002-000000000004', 'c1200000-0000-0000-0000-000000000005', 'close', 70150, 'auto'),
  ('00000000-0000-0000-0002-000000000004', 'c1200000-0000-0000-0000-000000000006', 'close', 70150, 'auto'),
  ('00000000-0000-0000-0002-000000000004', 'c1200000-0000-0000-0000-000000000007', 'close', 70150, 'auto');


-- ── 6. Close Dip Readings ────────────────────────────────────────────────────

insert into public.dip_readings (shift_id, tank_id, type, litres) values
  -- Amaglug morning: all exact
  ('00000000-0000-0000-0002-000000000001', 'a1100000-0000-0000-0000-000000000001', 'close', 23800),
  ('00000000-0000-0000-0002-000000000001', 'a1100000-0000-0000-0000-000000000002', 'close', 27100),
  ('00000000-0000-0000-0002-000000000001', 'a1100000-0000-0000-0000-000000000003', 'close', 27100),
  -- Amaglug evening: Tank 1 actual=22550, expected=22600 → 50L loss
  ('00000000-0000-0000-0002-000000000002', 'a1100000-0000-0000-0000-000000000001', 'close', 22550),
  ('00000000-0000-0000-0002-000000000002', 'a1100000-0000-0000-0000-000000000002', 'close', 26200),
  ('00000000-0000-0000-0002-000000000002', 'a1100000-0000-0000-0000-000000000003', 'close', 26200),
  -- Speedway morning: 600L sold per tank (6 pumps × 100L)
  ('00000000-0000-0000-0002-000000000003', 'b1100000-0000-0000-0000-000000000001', 'close', 19400),
  ('00000000-0000-0000-0002-000000000003', 'b1100000-0000-0000-0000-000000000002', 'close', 19400),
  ('00000000-0000-0000-0002-000000000003', 'b1100000-0000-0000-0000-000000000003', 'close', 19400),
  ('00000000-0000-0000-0002-000000000003', 'b1100000-0000-0000-0000-000000000004', 'close', 19400),
  ('00000000-0000-0000-0002-000000000003', 'b1100000-0000-0000-0000-000000000005', 'close', 19400),
  ('00000000-0000-0000-0002-000000000003', 'b1100000-0000-0000-0000-000000000006', 'close', 19400),
  -- Truck Stop morning
  ('00000000-0000-0000-0002-000000000004', 'c1100000-0000-0000-0000-000000000001', 'close', 14700),
  ('00000000-0000-0000-0002-000000000004', 'c1100000-0000-0000-0000-000000000002', 'close', 14700),
  ('00000000-0000-0000-0002-000000000004', 'c1100000-0000-0000-0000-000000000003', 'close', 14850),
  ('00000000-0000-0000-0002-000000000004', 'c1100000-0000-0000-0000-000000000004', 'close', 14700);


-- ── 7. POS Submissions ───────────────────────────────────────────────────────

insert into public.pos_submissions (id, shift_id) values
  ('00000000-0000-0000-0003-000000000001', '00000000-0000-0000-0002-000000000001'),
  ('00000000-0000-0000-0003-000000000002', '00000000-0000-0000-0002-000000000002'),
  ('00000000-0000-0000-0003-000000000003', '00000000-0000-0000-0002-000000000003'),
  ('00000000-0000-0000-0003-000000000004', '00000000-0000-0000-0002-000000000004');

insert into public.pos_submission_lines (pos_submission_id, fuel_grade_id, litres_sold, revenue_zar) values
  -- Amaglug morning: 95=1200L @ 22.50, D10=1800L @ 19.80
  ('00000000-0000-0000-0003-000000000001', '95',  1200.00, 27000.00),
  ('00000000-0000-0000-0003-000000000001', 'D10', 1800.00, 35640.00),
  -- Amaglug evening: same
  ('00000000-0000-0000-0003-000000000002', '95',  1200.00, 27000.00),
  ('00000000-0000-0000-0003-000000000002', 'D10', 1800.00, 35640.00),
  -- Speedway morning: 95=1800L, 93=600L, D50=1200L
  ('00000000-0000-0000-0003-000000000003', '95',  1800.00, 40500.00),
  ('00000000-0000-0000-0003-000000000003', '93',   600.00, 13260.00),
  ('00000000-0000-0000-0003-000000000003', 'D50', 1200.00, 23520.00),
  -- Truck Stop morning: D50=1050L @ 19.60
  ('00000000-0000-0000-0003-000000000004', 'D50', 1050.00, 20580.00);


-- ── 8. Reconciliations ───────────────────────────────────────────────────────

insert into public.reconciliations (id, shift_id, expected_revenue, pos_revenue, revenue_variance) values
  ('00000000-0000-0000-0004-000000000001', '00000000-0000-0000-0002-000000000001', 62640.00, 62640.00, 0.00),
  ('00000000-0000-0000-0004-000000000002', '00000000-0000-0000-0002-000000000002', 62640.00, 62640.00, 0.00),
  ('00000000-0000-0000-0004-000000000003', '00000000-0000-0000-0002-000000000003', 77280.00, 77280.00, 0.00),
  ('00000000-0000-0000-0004-000000000004', '00000000-0000-0000-0002-000000000004', 20580.00, 20580.00, 0.00);

insert into public.reconciliation_tank_lines
  (reconciliation_id, tank_id, opening_dip, deliveries_received, pos_litres_sold, expected_closing_dip, actual_closing_dip, variance_litres)
values
  -- Amaglug morning (clean)
  ('00000000-0000-0000-0004-000000000001', 'a1100000-0000-0000-0000-000000000001', 25000, 0, 1200, 23800, 23800,  0),
  ('00000000-0000-0000-0004-000000000001', 'a1100000-0000-0000-0000-000000000002', 28000, 0,  900, 27100, 27100,  0),
  ('00000000-0000-0000-0004-000000000001', 'a1100000-0000-0000-0000-000000000003', 28000, 0,  900, 27100, 27100,  0),
  -- Amaglug evening (50L loss on Tank 1)
  ('00000000-0000-0000-0004-000000000002', 'a1100000-0000-0000-0000-000000000001', 23800, 0, 1200, 22600, 22550, 50),
  ('00000000-0000-0000-0004-000000000002', 'a1100000-0000-0000-0000-000000000002', 27100, 0,  900, 26200, 26200,  0),
  ('00000000-0000-0000-0004-000000000002', 'a1100000-0000-0000-0000-000000000003', 27100, 0,  900, 26200, 26200,  0),
  -- Speedway morning (clean)
  ('00000000-0000-0000-0004-000000000003', 'b1100000-0000-0000-0000-000000000001', 20000, 0,  600, 19400, 19400,  0),
  ('00000000-0000-0000-0004-000000000003', 'b1100000-0000-0000-0000-000000000002', 20000, 0,  600, 19400, 19400,  0),
  ('00000000-0000-0000-0004-000000000003', 'b1100000-0000-0000-0000-000000000003', 20000, 0,  600, 19400, 19400,  0),
  ('00000000-0000-0000-0004-000000000003', 'b1100000-0000-0000-0000-000000000004', 20000, 0,  600, 19400, 19400,  0),
  ('00000000-0000-0000-0004-000000000003', 'b1100000-0000-0000-0000-000000000005', 20000, 0,  600, 19400, 19400,  0),
  ('00000000-0000-0000-0004-000000000003', 'b1100000-0000-0000-0000-000000000006', 20000, 0,  600, 19400, 19400,  0),
  -- Truck Stop morning (clean)
  ('00000000-0000-0000-0004-000000000004', 'c1100000-0000-0000-0000-000000000001', 15000, 0,  300, 14700, 14700,  0),
  ('00000000-0000-0000-0004-000000000004', 'c1100000-0000-0000-0000-000000000002', 15000, 0,  300, 14700, 14700,  0),
  ('00000000-0000-0000-0004-000000000004', 'c1100000-0000-0000-0000-000000000003', 15000, 0,  150, 14850, 14850,  0),
  ('00000000-0000-0000-0004-000000000004', 'c1100000-0000-0000-0000-000000000004', 15000, 0,  300, 14700, 14700,  0);

insert into public.reconciliation_grade_lines
  (reconciliation_id, fuel_grade_id, meter_delta, pos_litres_sold, variance_litres)
values
  -- Amaglug morning: 95=6×200=1200, D10=12×150=1800
  ('00000000-0000-0000-0004-000000000001', '95',  1200, 1200, 0),
  ('00000000-0000-0000-0004-000000000001', 'D10', 1800, 1800, 0),
  -- Amaglug evening: same
  ('00000000-0000-0000-0004-000000000002', '95',  1200, 1200, 0),
  ('00000000-0000-0000-0004-000000000002', 'D10', 1800, 1800, 0),
  -- Speedway morning: 95=18×100=1800, 93=6×100=600, D50=12×100=1200
  ('00000000-0000-0000-0004-000000000003', '95',  1800, 1800, 0),
  ('00000000-0000-0000-0004-000000000003', '93',   600,  600, 0),
  ('00000000-0000-0000-0004-000000000003', 'D50', 1200, 1200, 0),
  -- Truck Stop morning: D50=7×150=1050
  ('00000000-0000-0000-0004-000000000004', 'D50', 1050, 1050, 0);
