-- Seed data for the three real stations
-- Import this migration to populate the initial station config.

-- ── Elegant Amaglug ──────────────────────────────────────────────────────────
-- 3 tanks: 95 (1×), D10 (2×) | 18 pumps | 92 000 L total

insert into public.stations (id, name) values
  ('a1000000-0000-0000-0000-000000000001', 'Elegant Amaglug');

insert into public.tanks (id, station_id, label, fuel_grade_id, capacity_litres) values
  ('a1100000-0000-0000-0000-000000000001', 'a1000000-0000-0000-0000-000000000001', 'Tank 1 – 95',  '95',  30000),
  ('a1100000-0000-0000-0000-000000000002', 'a1000000-0000-0000-0000-000000000001', 'Tank 2 – D10', 'D10', 31000),
  ('a1100000-0000-0000-0000-000000000003', 'a1000000-0000-0000-0000-000000000001', 'Tank 3 – D10', 'D10', 31000);

-- 18 pumps: pumps 1-6 → 95 tank, pumps 7-12 → D10 tank 2, pumps 13-18 → D10 tank 3
insert into public.pumps (id, station_id, tank_id, label) values
  ('a1200000-0000-0000-0000-000000000001', 'a1000000-0000-0000-0000-000000000001', 'a1100000-0000-0000-0000-000000000001', 'Pump 1'),
  ('a1200000-0000-0000-0000-000000000002', 'a1000000-0000-0000-0000-000000000001', 'a1100000-0000-0000-0000-000000000001', 'Pump 2'),
  ('a1200000-0000-0000-0000-000000000003', 'a1000000-0000-0000-0000-000000000001', 'a1100000-0000-0000-0000-000000000001', 'Pump 3'),
  ('a1200000-0000-0000-0000-000000000004', 'a1000000-0000-0000-0000-000000000001', 'a1100000-0000-0000-0000-000000000001', 'Pump 4'),
  ('a1200000-0000-0000-0000-000000000005', 'a1000000-0000-0000-0000-000000000001', 'a1100000-0000-0000-0000-000000000001', 'Pump 5'),
  ('a1200000-0000-0000-0000-000000000006', 'a1000000-0000-0000-0000-000000000001', 'a1100000-0000-0000-0000-000000000001', 'Pump 6'),
  ('a1200000-0000-0000-0000-000000000007', 'a1000000-0000-0000-0000-000000000001', 'a1100000-0000-0000-0000-000000000002', 'Pump 7'),
  ('a1200000-0000-0000-0000-000000000008', 'a1000000-0000-0000-0000-000000000001', 'a1100000-0000-0000-0000-000000000002', 'Pump 8'),
  ('a1200000-0000-0000-0000-000000000009', 'a1000000-0000-0000-0000-000000000001', 'a1100000-0000-0000-0000-000000000002', 'Pump 9'),
  ('a1200000-0000-0000-0000-000000000010', 'a1000000-0000-0000-0000-000000000001', 'a1100000-0000-0000-0000-000000000002', 'Pump 10'),
  ('a1200000-0000-0000-0000-000000000011', 'a1000000-0000-0000-0000-000000000001', 'a1100000-0000-0000-0000-000000000002', 'Pump 11'),
  ('a1200000-0000-0000-0000-000000000012', 'a1000000-0000-0000-0000-000000000001', 'a1100000-0000-0000-0000-000000000002', 'Pump 12'),
  ('a1200000-0000-0000-0000-000000000013', 'a1000000-0000-0000-0000-000000000001', 'a1100000-0000-0000-0000-000000000003', 'Pump 13'),
  ('a1200000-0000-0000-0000-000000000014', 'a1000000-0000-0000-0000-000000000001', 'a1100000-0000-0000-0000-000000000003', 'Pump 14'),
  ('a1200000-0000-0000-0000-000000000015', 'a1000000-0000-0000-0000-000000000001', 'a1100000-0000-0000-0000-000000000003', 'Pump 15'),
  ('a1200000-0000-0000-0000-000000000016', 'a1000000-0000-0000-0000-000000000001', 'a1100000-0000-0000-0000-000000000003', 'Pump 16'),
  ('a1200000-0000-0000-0000-000000000017', 'a1000000-0000-0000-0000-000000000001', 'a1100000-0000-0000-0000-000000000003', 'Pump 17'),
  ('a1200000-0000-0000-0000-000000000018', 'a1000000-0000-0000-0000-000000000001', 'a1100000-0000-0000-0000-000000000003', 'Pump 18');

-- ── Speedway ─────────────────────────────────────────────────────────────────
-- 6 tanks: 95 (3×), 93 (1×), D50 (2×) | 36 pumps | 138 000 L total

insert into public.stations (id, name) values
  ('b1000000-0000-0000-0000-000000000001', 'Speedway');

insert into public.tanks (id, station_id, label, fuel_grade_id, capacity_litres) values
  ('b1100000-0000-0000-0000-000000000001', 'b1000000-0000-0000-0000-000000000001', 'Tank 1 – 95',  '95',  23000),
  ('b1100000-0000-0000-0000-000000000002', 'b1000000-0000-0000-0000-000000000001', 'Tank 2 – 95',  '95',  23000),
  ('b1100000-0000-0000-0000-000000000003', 'b1000000-0000-0000-0000-000000000001', 'Tank 3 – 95',  '95',  23000),
  ('b1100000-0000-0000-0000-000000000004', 'b1000000-0000-0000-0000-000000000001', 'Tank 4 – 93',  '93',  23000),
  ('b1100000-0000-0000-0000-000000000005', 'b1000000-0000-0000-0000-000000000001', 'Tank 5 – D50', 'D50', 23000),
  ('b1100000-0000-0000-0000-000000000006', 'b1000000-0000-0000-0000-000000000001', 'Tank 6 – D50', 'D50', 23000);

-- 36 pumps: 6 pumps per tank
insert into public.pumps (id, station_id, tank_id, label) values
  ('b1200000-0000-0000-0000-000000000001', 'b1000000-0000-0000-0000-000000000001', 'b1100000-0000-0000-0000-000000000001', 'Pump 1'),
  ('b1200000-0000-0000-0000-000000000002', 'b1000000-0000-0000-0000-000000000001', 'b1100000-0000-0000-0000-000000000001', 'Pump 2'),
  ('b1200000-0000-0000-0000-000000000003', 'b1000000-0000-0000-0000-000000000001', 'b1100000-0000-0000-0000-000000000001', 'Pump 3'),
  ('b1200000-0000-0000-0000-000000000004', 'b1000000-0000-0000-0000-000000000001', 'b1100000-0000-0000-0000-000000000001', 'Pump 4'),
  ('b1200000-0000-0000-0000-000000000005', 'b1000000-0000-0000-0000-000000000001', 'b1100000-0000-0000-0000-000000000001', 'Pump 5'),
  ('b1200000-0000-0000-0000-000000000006', 'b1000000-0000-0000-0000-000000000001', 'b1100000-0000-0000-0000-000000000001', 'Pump 6'),
  ('b1200000-0000-0000-0000-000000000007', 'b1000000-0000-0000-0000-000000000001', 'b1100000-0000-0000-0000-000000000002', 'Pump 7'),
  ('b1200000-0000-0000-0000-000000000008', 'b1000000-0000-0000-0000-000000000001', 'b1100000-0000-0000-0000-000000000002', 'Pump 8'),
  ('b1200000-0000-0000-0000-000000000009', 'b1000000-0000-0000-0000-000000000001', 'b1100000-0000-0000-0000-000000000002', 'Pump 9'),
  ('b1200000-0000-0000-0000-000000000010', 'b1000000-0000-0000-0000-000000000001', 'b1100000-0000-0000-0000-000000000002', 'Pump 10'),
  ('b1200000-0000-0000-0000-000000000011', 'b1000000-0000-0000-0000-000000000001', 'b1100000-0000-0000-0000-000000000002', 'Pump 11'),
  ('b1200000-0000-0000-0000-000000000012', 'b1000000-0000-0000-0000-000000000001', 'b1100000-0000-0000-0000-000000000002', 'Pump 12'),
  ('b1200000-0000-0000-0000-000000000013', 'b1000000-0000-0000-0000-000000000001', 'b1100000-0000-0000-0000-000000000003', 'Pump 13'),
  ('b1200000-0000-0000-0000-000000000014', 'b1000000-0000-0000-0000-000000000001', 'b1100000-0000-0000-0000-000000000003', 'Pump 14'),
  ('b1200000-0000-0000-0000-000000000015', 'b1000000-0000-0000-0000-000000000001', 'b1100000-0000-0000-0000-000000000003', 'Pump 15'),
  ('b1200000-0000-0000-0000-000000000016', 'b1000000-0000-0000-0000-000000000001', 'b1100000-0000-0000-0000-000000000003', 'Pump 16'),
  ('b1200000-0000-0000-0000-000000000017', 'b1000000-0000-0000-0000-000000000001', 'b1100000-0000-0000-0000-000000000003', 'Pump 17'),
  ('b1200000-0000-0000-0000-000000000018', 'b1000000-0000-0000-0000-000000000001', 'b1100000-0000-0000-0000-000000000003', 'Pump 18'),
  ('b1200000-0000-0000-0000-000000000019', 'b1000000-0000-0000-0000-000000000001', 'b1100000-0000-0000-0000-000000000004', 'Pump 19'),
  ('b1200000-0000-0000-0000-000000000020', 'b1000000-0000-0000-0000-000000000001', 'b1100000-0000-0000-0000-000000000004', 'Pump 20'),
  ('b1200000-0000-0000-0000-000000000021', 'b1000000-0000-0000-0000-000000000001', 'b1100000-0000-0000-0000-000000000004', 'Pump 21'),
  ('b1200000-0000-0000-0000-000000000022', 'b1000000-0000-0000-0000-000000000001', 'b1100000-0000-0000-0000-000000000004', 'Pump 22'),
  ('b1200000-0000-0000-0000-000000000023', 'b1000000-0000-0000-0000-000000000001', 'b1100000-0000-0000-0000-000000000004', 'Pump 23'),
  ('b1200000-0000-0000-0000-000000000024', 'b1000000-0000-0000-0000-000000000001', 'b1100000-0000-0000-0000-000000000004', 'Pump 24'),
  ('b1200000-0000-0000-0000-000000000025', 'b1000000-0000-0000-0000-000000000001', 'b1100000-0000-0000-0000-000000000005', 'Pump 25'),
  ('b1200000-0000-0000-0000-000000000026', 'b1000000-0000-0000-0000-000000000001', 'b1100000-0000-0000-0000-000000000005', 'Pump 26'),
  ('b1200000-0000-0000-0000-000000000027', 'b1000000-0000-0000-0000-000000000001', 'b1100000-0000-0000-0000-000000000005', 'Pump 27'),
  ('b1200000-0000-0000-0000-000000000028', 'b1000000-0000-0000-0000-000000000001', 'b1100000-0000-0000-0000-000000000005', 'Pump 28'),
  ('b1200000-0000-0000-0000-000000000029', 'b1000000-0000-0000-0000-000000000001', 'b1100000-0000-0000-0000-000000000005', 'Pump 29'),
  ('b1200000-0000-0000-0000-000000000030', 'b1000000-0000-0000-0000-000000000001', 'b1100000-0000-0000-0000-000000000005', 'Pump 30'),
  ('b1200000-0000-0000-0000-000000000031', 'b1000000-0000-0000-0000-000000000001', 'b1100000-0000-0000-0000-000000000006', 'Pump 31'),
  ('b1200000-0000-0000-0000-000000000032', 'b1000000-0000-0000-0000-000000000001', 'b1100000-0000-0000-0000-000000000006', 'Pump 32'),
  ('b1200000-0000-0000-0000-000000000033', 'b1000000-0000-0000-0000-000000000001', 'b1100000-0000-0000-0000-000000000006', 'Pump 33'),
  ('b1200000-0000-0000-0000-000000000034', 'b1000000-0000-0000-0000-000000000001', 'b1100000-0000-0000-0000-000000000006', 'Pump 34'),
  ('b1200000-0000-0000-0000-000000000035', 'b1000000-0000-0000-0000-000000000001', 'b1100000-0000-0000-0000-000000000006', 'Pump 35'),
  ('b1200000-0000-0000-0000-000000000036', 'b1000000-0000-0000-0000-000000000001', 'b1100000-0000-0000-0000-000000000006', 'Pump 36');

-- ── Truck Stop ───────────────────────────────────────────────────────────────
-- 4 tanks: D50 (4×) | 7 pumps | 73 000 L total

insert into public.stations (id, name) values
  ('c1000000-0000-0000-0000-000000000001', 'Truck Stop');

insert into public.tanks (id, station_id, label, fuel_grade_id, capacity_litres) values
  ('c1100000-0000-0000-0000-000000000001', 'c1000000-0000-0000-0000-000000000001', 'Tank 1 – D50', 'D50', 18250),
  ('c1100000-0000-0000-0000-000000000002', 'c1000000-0000-0000-0000-000000000001', 'Tank 2 – D50', 'D50', 18250),
  ('c1100000-0000-0000-0000-000000000003', 'c1000000-0000-0000-0000-000000000001', 'Tank 3 – D50', 'D50', 18250),
  ('c1100000-0000-0000-0000-000000000004', 'c1000000-0000-0000-0000-000000000001', 'Tank 4 – D50', 'D50', 18250);

-- 7 pumps distributed across 4 tanks
insert into public.pumps (id, station_id, tank_id, label) values
  ('c1200000-0000-0000-0000-000000000001', 'c1000000-0000-0000-0000-000000000001', 'c1100000-0000-0000-0000-000000000001', 'Pump 1'),
  ('c1200000-0000-0000-0000-000000000002', 'c1000000-0000-0000-0000-000000000001', 'c1100000-0000-0000-0000-000000000001', 'Pump 2'),
  ('c1200000-0000-0000-0000-000000000003', 'c1000000-0000-0000-0000-000000000001', 'c1100000-0000-0000-0000-000000000002', 'Pump 3'),
  ('c1200000-0000-0000-0000-000000000004', 'c1000000-0000-0000-0000-000000000001', 'c1100000-0000-0000-0000-000000000002', 'Pump 4'),
  ('c1200000-0000-0000-0000-000000000005', 'c1000000-0000-0000-0000-000000000001', 'c1100000-0000-0000-0000-000000000003', 'Pump 5'),
  ('c1200000-0000-0000-0000-000000000006', 'c1000000-0000-0000-0000-000000000001', 'c1100000-0000-0000-0000-000000000004', 'Pump 6'),
  ('c1200000-0000-0000-0000-000000000007', 'c1000000-0000-0000-0000-000000000001', 'c1100000-0000-0000-0000-000000000004', 'Pump 7');
